Date,Time Slot,Is Reserved
2024-11-01,11:00,Not Reserved
2024-11-01,12:00,Not Reserved
2024-11-01,13:00,Not Reserved
2024-11-01,14:00,Not Reserved
2024-11-01,15:00,Not Reserved
2024-11-01,16:00,Not Reserved
2024-11-01,17:00,Reserved
2024-11-01,18:00,Not Reserved
2024-11-01,19:00,Not Reserved
2024-11-01,20:00,Not Reserved
2024-11-02,11:00,Not Reserved
2024-11-02,12:00,Not Reserved
2024-11-02,13:00,Not Reserved
2024-11-02,14:00,Reserved
2024-11-02,15:00,Reserved
2024-11-02,16:00,Not Reserved
2024-11-02,17:00,Reserved
2024-11-02,18:00,Not Reserved
2024-11-02,19:00,Not Reserved
2024-11-02,20:00,Reserved
2024-11-03,11:00,Reserved
2024-11-03,12:00,Reserved
2024-11-03,13:00,Reserved
2024-11-03,14:00,Reserved
2024-11-03,15:00,Reserved
2024-11-03,16:00,Reserved
2024-11-03,17:00,Reserved
2024-11-03,18:00,Reserved
2024-11-03,19:00,Reserved
2024-11-03,20:00,Reserved
2024-11-04,11:00,Not Reserved
2024-11-04,12:00,Not Reserved
2024-11-04,13:00,Not Reserved
2024-11-04,14:00,Not Reserved
2024-11-04,15:00,Not Reserved
2024-11-04,16:00,Reserved
2024-11-04,17:00,Not Reserved
2024-11-04,18:00,Reserved
2024-11-04,19:00,Not Reserved
2024-11-04,20:00,Not Reserved
2024-11-05,11:00,Not Reserved
2024-11-05,12:00,Not Reserved
2024-11-05,13:00,Not Reserved
2024-11-05,14:00,Reserved
2024-11-05,15:00,Reserved
2024-11-05,16:00,Reserved
2024-11-05,17:00,Reserved
2024-11-05,18:00,Reserved
2024-11-05,19:00,Reserved
2024-11-05,20:00,Reserved
2024-11-06,11:00,Not Reserved
2024-11-06,12:00,Not Reserved
2024-11-06,13:00,Not Reserved
2024-11-06,14:00,Not Reserved
2024-11-06,15:00,Not Reserved
2024-11-06,16:00,Not Reserved
2024-11-06,17:00,Not Reserved
2024-11-06,18:00,Not Reserved
2024-11-06,19:00,Not Reserved
2024-11-06,20:00,Not Reserved
2024-11-07,11:00,Not Reserved
2024-11-07,12:00,Not Reserved
2024-11-07,13:00,Not Reserved
2024-11-07,14:00,Not Reserved
2024-11-07,15:00,Not Reserved
2024-11-07,16:00,Not Reserved
2024-11-07,17:00,Not Reserved
2024-11-07,18:00,Not Reserved
2024-11-07,19:00,Not Reserved
2024-11-07,20:00,Not Reserved
2024-11-08,11:00,Reserved
2024-11-08,12:00,Reserved
2024-11-08,13:00,Not Reserved
2024-11-08,14:00,Not Reserved
2024-11-08,15:00,Not Reserved
2024-11-08,16:00,Not Reserved
2024-11-08,17:00,Not Reserved
2024-11-08,18:00,Not Reserved
2024-11-08,19:00,Reserved
2024-11-08,20:00,Reserved
2024-11-09,11:00,Not Reserved
2024-11-09,12:00,Not Reserved
2024-11-09,13:00,Not Reserved
2024-11-09,14:00,Not Reserved
2024-11-09,15:00,Not Reserved
2024-11-09,16:00,Not Reserved
2024-11-09,17:00,Not Reserved
2024-11-09,18:00,Not Reserved
2024-11-09,19:00,Not Reserved
2024-11-09,20:00,Not Reserved
2024-11-10,11:00,Not Reserved
2024-11-10,12:00,Not Reserved
2024-11-10,13:00,Reserved
2024-11-10,14:00,Not Reserved
2024-11-10,15:00,Not Reserved
2024-11-10,16:00,Not Reserved
2024-11-10,17:00,Not Reserved
2024-11-10,18:00,Not Reserved
2024-11-10,19:00,Reserved
2024-11-10,20:00,Not Reserved
2024-11-11,11:00,Not Reserved
2024-11-11,12:00,Not Reserved
2024-11-11,13:00,Not Reserved
2024-11-11,14:00,Not Reserved
2024-11-11,15:00,Not Reserved
2024-11-11,16:00,Reserved
2024-11-11,17:00,Not Reserved
2024-11-11,18:00,Not Reserved
2024-11-11,19:00,Not Reserved
2024-11-11,20:00,Not Reserved
2024-11-12,11:00,Not Reserved
2024-11-12,12:00,Not Reserved
2024-11-12,13:00,Not Reserved
2024-11-12,14:00,Not Reserved
2024-11-12,15:00,Not Reserved
2024-11-12,16:00,Not Reserved
2024-11-12,17:00,Not Reserved
2024-11-12,18:00,Not Reserved
2024-11-12,19:00,Not Reserved
2024-11-12,20:00,Not Reserved
2024-11-13,11:00,Not Reserved
2024-11-13,12:00,Not Reserved
2024-11-13,13:00,Not Reserved
2024-11-13,14:00,Not Reserved
2024-11-13,15:00,Not Reserved
2024-11-13,16:00,Not Reserved
2024-11-13,17:00,Not Reserved
2024-11-13,18:00,Not Reserved
2024-11-13,19:00,Not Reserved
2024-11-13,20:00,Not Reserved
2024-11-14,11:00,Not Reserved
2024-11-14,12:00,Not Reserved
2024-11-14,13:00,Not Reserved
2024-11-14,14:00,Not Reserved
2024-11-14,15:00,Not Reserved
2024-11-14,16:00,Not Reserved
2024-11-14,17:00,Reserved
2024-11-14,18:00,Not Reserved
2024-11-14,19:00,Not Reserved
2024-11-14,20:00,Not Reserved
2024-11-15,11:00,Not Reserved
2024-11-15,12:00,Not Reserved
2024-11-15,13:00,Not Reserved
2024-11-15,14:00,Not Reserved
2024-11-15,15:00,Not Reserved
2024-11-15,16:00,Not Reserved
2024-11-15,17:00,Not Reserved
2024-11-15,18:00,Not Reserved
2024-11-15,19:00,Not Reserved
2024-11-15,20:00,Not Reserved
2024-11-16,11:00,Not Reserved
2024-11-16,12:00,Not Reserved
2024-11-16,13:00,Not Reserved
2024-11-16,14:00,Not Reserved
2024-11-16,15:00,Not Reserved
2024-11-16,16:00,Not Reserved
2024-11-16,17:00,Not Reserved
2024-11-16,18:00,Not Reserved
2024-11-16,19:00,Not Reserved
2024-11-16,20:00,Not Reserved
2024-11-17,11:00,Reserved
2024-11-17,12:00,Not Reserved
2024-11-17,13:00,Not Reserved
2024-11-17,14:00,Not Reserved
2024-11-17,15:00,Not Reserved
2024-11-17,16:00,Not Reserved
2024-11-17,17:00,Not Reserved
2024-11-17,18:00,Not Reserved
2024-11-17,19:00,Not Reserved
2024-11-17,20:00,Not Reserved
2024-11-18,11:00,Not Reserved
2024-11-18,12:00,Not Reserved
2024-11-18,13:00,Not Reserved
2024-11-18,14:00,Not Reserved
2024-11-18,15:00,Not Reserved
2024-11-18,16:00,Not Reserved
2024-11-18,17:00,Not Reserved
2024-11-18,18:00,Not Reserved
2024-11-18,19:00,Not Reserved
2024-11-18,20:00,Not Reserved
2024-11-19,11:00,Not Reserved
2024-11-19,12:00,Not Reserved
2024-11-19,13:00,Not Reserved
2024-11-19,14:00,Not Reserved
2024-11-19,15:00,Not Reserved
2024-11-19,16:00,Not Reserved
2024-11-19,17:00,Not Reserved
2024-11-19,18:00,Not Reserved
2024-11-19,19:00,Not Reserved
2024-11-19,20:00,Not Reserved
2024-11-20,11:00,Not Reserved
2024-11-20,12:00,Not Reserved
2024-11-20,13:00,Not Reserved
2024-11-20,14:00,Not Reserved
2024-11-20,15:00,Not Reserved
2024-11-20,16:00,Not Reserved
2024-11-20,17:00,Not Reserved
2024-11-20,18:00,Not Reserved
2024-11-20,19:00,Not Reserved
2024-11-20,20:00,Not Reserved
2024-11-21,11:00,Not Reserved
2024-11-21,12:00,Not Reserved
2024-11-21,13:00,Not Reserved
2024-11-21,14:00,Not Reserved
2024-11-21,15:00,Not Reserved
2024-11-21,16:00,Not Reserved
2024-11-21,17:00,Not Reserved
2024-11-21,18:00,Not Reserved
2024-11-21,19:00,Reserved
2024-11-21,20:00,Not Reserved
2024-11-22,11:00,Not Reserved
2024-11-22,12:00,Not Reserved
2024-11-22,13:00,Not Reserved
2024-11-22,14:00,Not Reserved
2024-11-22,15:00,Not Reserved
2024-11-22,16:00,Not Reserved
2024-11-22,17:00,Not Reserved
2024-11-22,18:00,Not Reserved
2024-11-22,19:00,Not Reserved
2024-11-22,20:00,Not Reserved
2024-11-23,11:00,Not Reserved
2024-11-23,12:00,Not Reserved
2024-11-23,13:00,Not Reserved
2024-11-23,14:00,Not Reserved
2024-11-23,15:00,Reserved
2024-11-23,16:00,Not Reserved
2024-11-23,17:00,Not Reserved
2024-11-23,18:00,Not Reserved
2024-11-23,19:00,Not Reserved
2024-11-23,20:00,Not Reserved
2024-11-24,11:00,Not Reserved
2024-11-24,12:00,Not Reserved
2024-11-24,13:00,Not Reserved
2024-11-24,14:00,Not Reserved
2024-11-24,15:00,Not Reserved
2024-11-24,16:00,Not Reserved
2024-11-24,17:00,Not Reserved
2024-11-24,18:00,Not Reserved
2024-11-24,19:00,Not Reserved
2024-11-24,20:00,Reserved
2024-11-25,11:00,Not Reserved
2024-11-25,12:00,Not Reserved
2024-11-25,13:00,Not Reserved
2024-11-25,14:00,Not Reserved
2024-11-25,15:00,Not Reserved
2024-11-25,16:00,Not Reserved
2024-11-25,17:00,Not Reserved
2024-11-25,18:00,Not Reserved
2024-11-25,19:00,Not Reserved
2024-11-25,20:00,Not Reserved
2024-11-26,11:00,Not Reserved
2024-11-26,12:00,Not Reserved
2024-11-26,13:00,Not Reserved
2024-11-26,14:00,Not Reserved
2024-11-26,15:00,Not Reserved
2024-11-26,16:00,Not Reserved
2024-11-26,17:00,Not Reserved
2024-11-26,18:00,Not Reserved
2024-11-26,19:00,Not Reserved
2024-11-26,20:00,Not Reserved
2024-11-27,11:00,Not Reserved
2024-11-27,12:00,Not Reserved
2024-11-27,13:00,Not Reserved
2024-11-27,14:00,Not Reserved
2024-11-27,15:00,Not Reserved
2024-11-27,16:00,Not Reserved
2024-11-27,17:00,Not Reserved
2024-11-27,18:00,Not Reserved
2024-11-27,19:00,Not Reserved
2024-11-27,20:00,Not Reserved
2024-11-28,11:00,Not Reserved
2024-11-28,12:00,Not Reserved
2024-11-28,13:00,Not Reserved
2024-11-28,14:00,Not Reserved
2024-11-28,15:00,Not Reserved
2024-11-28,16:00,Not Reserved
2024-11-28,17:00,Not Reserved
2024-11-28,18:00,Not Reserved
2024-11-28,19:00,Not Reserved
2024-11-28,20:00,Not Reserved
2024-11-29,11:00,Not Reserved
2024-11-29,12:00,Not Reserved
2024-11-29,13:00,Not Reserved
2024-11-29,14:00,Not Reserved
2024-11-29,15:00,Not Reserved
2024-11-29,16:00,Not Reserved
2024-11-29,17:00,Not Reserved
2024-11-29,18:00,Not Reserved
2024-11-29,19:00,Not Reserved
2024-11-29,20:00,Not Reserved
2024-11-30,11:00,Not Reserved
2024-11-30,12:00,Not Reserved
2024-11-30,13:00,Not Reserved
2024-11-30,14:00,Not Reserved
2024-11-30,15:00,Not Reserved
2024-11-30,16:00,Not Reserved
2024-11-30,17:00,Not Reserved
2024-11-30,18:00,Not Reserved
2024-11-30,19:00,Not Reserved
2024-11-30,20:00,Not Reserved
2024-12-01,11:00,Not Reserved
2024-12-01,12:00,Not Reserved
2024-12-01,13:00,Not Reserved
2024-12-01,14:00,Not Reserved
2024-12-01,15:00,Not Reserved
2024-12-01,16:00,Not Reserved
2024-12-01,17:00,Not Reserved
2024-12-01,18:00,Not Reserved
2024-12-01,19:00,Not Reserved
2024-12-01,20:00,Not Reserved
2024-12-02,11:00,Not Reserved
2024-12-02,12:00,Not Reserved
2024-12-02,13:00,Not Reserved
2024-12-02,14:00,Not Reserved
2024-12-02,15:00,Not Reserved
2024-12-02,16:00,Not Reserved
2024-12-02,17:00,Not Reserved
2024-12-02,18:00,Not Reserved
2024-12-02,19:00,Not Reserved
2024-12-02,20:00,Not Reserved
2024-12-03,11:00,Not Reserved
2024-12-03,12:00,Not Reserved
2024-12-03,13:00,Not Reserved
2024-12-03,14:00,Not Reserved
2024-12-03,15:00,Not Reserved
2024-12-03,16:00,Not Reserved
2024-12-03,17:00,Not Reserved
2024-12-03,18:00,Not Reserved
2024-12-03,19:00,Not Reserved
2024-12-03,20:00,Not Reserved
2024-12-04,11:00,Not Reserved
2024-12-04,12:00,Not Reserved
2024-12-04,13:00,Not Reserved
2024-12-04,14:00,Not Reserved
2024-12-04,15:00,Not Reserved
2024-12-04,16:00,Not Reserved
2024-12-04,17:00,Not Reserved
2024-12-04,18:00,Not Reserved
2024-12-04,19:00,Not Reserved
2024-12-04,20:00,Not Reserved
2024-12-05,11:00,Not Reserved
2024-12-05,12:00,Not Reserved
2024-12-05,13:00,Not Reserved
2024-12-05,14:00,Not Reserved
2024-12-05,15:00,Not Reserved
2024-12-05,16:00,Reserved
2024-12-05,17:00,Not Reserved
2024-12-05,18:00,Not Reserved
2024-12-05,19:00,Not Reserved
2024-12-05,20:00,Not Reserved
2024-12-06,11:00,Not Reserved
2024-12-06,12:00,Not Reserved
2024-12-06,13:00,Not Reserved
2024-12-06,14:00,Not Reserved
2024-12-06,15:00,Not Reserved
2024-12-06,16:00,Not Reserved
2024-12-06,17:00,Not Reserved
2024-12-06,18:00,Not Reserved
2024-12-06,19:00,Not Reserved
2024-12-06,20:00,Not Reserved
2024-12-07,11:00,Not Reserved
2024-12-07,12:00,Not Reserved
2024-12-07,13:00,Not Reserved
2024-12-07,14:00,Not Reserved
2024-12-07,15:00,Not Reserved
2024-12-07,16:00,Not Reserved
2024-12-07,17:00,Not Reserved
2024-12-07,18:00,Not Reserved
2024-12-07,19:00,Not Reserved
2024-12-07,20:00,Not Reserved
2024-12-08,11:00,Not Reserved
2024-12-08,12:00,Not Reserved
2024-12-08,13:00,Not Reserved
2024-12-08,14:00,Not Reserved
2024-12-08,15:00,Not Reserved
2024-12-08,16:00,Not Reserved
2024-12-08,17:00,Not Reserved
2024-12-08,18:00,Not Reserved
2024-12-08,19:00,Not Reserved
2024-12-08,20:00,Not Reserved
2024-12-09,11:00,Not Reserved
2024-12-09,12:00,Not Reserved
2024-12-09,13:00,Not Reserved
2024-12-09,14:00,Not Reserved
2024-12-09,15:00,Not Reserved
2024-12-09,16:00,Not Reserved
2024-12-09,17:00,Not Reserved
2024-12-09,18:00,Not Reserved
2024-12-09,19:00,Not Reserved
2024-12-09,20:00,Not Reserved
2024-12-10,11:00,Not Reserved
2024-12-10,12:00,Not Reserved
2024-12-10,13:00,Not Reserved
2024-12-10,14:00,Not Reserved
2024-12-10,15:00,Not Reserved
2024-12-10,16:00,Not Reserved
2024-12-10,17:00,Not Reserved
2024-12-10,18:00,Not Reserved
2024-12-10,19:00,Not Reserved
2024-12-10,20:00,Not Reserved
2024-12-11,11:00,Not Reserved
2024-12-11,12:00,Not Reserved
2024-12-11,13:00,Not Reserved
2024-12-11,14:00,Not Reserved
2024-12-11,15:00,Not Reserved
2024-12-11,16:00,Not Reserved
2024-12-11,17:00,Not Reserved
2024-12-11,18:00,Not Reserved
2024-12-11,19:00,Not Reserved
2024-12-11,20:00,Not Reserved
2024-12-12,11:00,Not Reserved
2024-12-12,12:00,Not Reserved
2024-12-12,13:00,Not Reserved
2024-12-12,14:00,Not Reserved
2024-12-12,15:00,Not Reserved
2024-12-12,16:00,Not Reserved
2024-12-12,17:00,Not Reserved
2024-12-12,18:00,Not Reserved
2024-12-12,19:00,Not Reserved
2024-12-12,20:00,Not Reserved
2024-12-13,11:00,Not Reserved
2024-12-13,12:00,Not Reserved
2024-12-13,13:00,Not Reserved
2024-12-13,14:00,Not Reserved
2024-12-13,15:00,Not Reserved
2024-12-13,16:00,Not Reserved
2024-12-13,17:00,Not Reserved
2024-12-13,18:00,Not Reserved
2024-12-13,19:00,Not Reserved
2024-12-13,20:00,Not Reserved
2024-12-14,11:00,Not Reserved
2024-12-14,12:00,Not Reserved
2024-12-14,13:00,Not Reserved
2024-12-14,14:00,Not Reserved
2024-12-14,15:00,Not Reserved
2024-12-14,16:00,Not Reserved
2024-12-14,17:00,Not Reserved
2024-12-14,18:00,Not Reserved
2024-12-14,19:00,Not Reserved
2024-12-14,20:00,Not Reserved
2024-12-15,11:00,Not Reserved
2024-12-15,12:00,Not Reserved
2024-12-15,13:00,Not Reserved
2024-12-15,14:00,Not Reserved
2024-12-15,15:00,Not Reserved
2024-12-15,16:00,Not Reserved
2024-12-15,17:00,Not Reserved
2024-12-15,18:00,Not Reserved
2024-12-15,19:00,Not Reserved
2024-12-15,20:00,Not Reserved
2024-12-16,11:00,Not Reserved
2024-12-16,12:00,Not Reserved
2024-12-16,13:00,Not Reserved
2024-12-16,14:00,Not Reserved
2024-12-16,15:00,Not Reserved
2024-12-16,16:00,Not Reserved
2024-12-16,17:00,Not Reserved
2024-12-16,18:00,Not Reserved
2024-12-16,19:00,Not Reserved
2024-12-16,20:00,Not Reserved
2024-12-17,11:00,Not Reserved
2024-12-17,12:00,Not Reserved
2024-12-17,13:00,Not Reserved
2024-12-17,14:00,Not Reserved
2024-12-17,15:00,Not Reserved
2024-12-17,16:00,Not Reserved
2024-12-17,17:00,Not Reserved
2024-12-17,18:00,Not Reserved
2024-12-17,19:00,Not Reserved
2024-12-17,20:00,Not Reserved
2024-12-18,11:00,Not Reserved
2024-12-18,12:00,Not Reserved
2024-12-18,13:00,Not Reserved
2024-12-18,14:00,Not Reserved
2024-12-18,15:00,Not Reserved
2024-12-18,16:00,Not Reserved
2024-12-18,17:00,Not Reserved
2024-12-18,18:00,Not Reserved
2024-12-18,19:00,Not Reserved
2024-12-18,20:00,Not Reserved
2024-12-19,11:00,Not Reserved
2024-12-19,12:00,Not Reserved
2024-12-19,13:00,Not Reserved
2024-12-19,14:00,Not Reserved
2024-12-19,15:00,Not Reserved
2024-12-19,16:00,Not Reserved
2024-12-19,17:00,Not Reserved
2024-12-19,18:00,Not Reserved
2024-12-19,19:00,Not Reserved
2024-12-19,20:00,Not Reserved
2024-12-20,11:00,Not Reserved
2024-12-20,12:00,Not Reserved
2024-12-20,13:00,Not Reserved
2024-12-20,14:00,Not Reserved
2024-12-20,15:00,Not Reserved
2024-12-20,16:00,Not Reserved
2024-12-20,17:00,Not Reserved
2024-12-20,18:00,Not Reserved
2024-12-20,19:00,Not Reserved
2024-12-20,20:00,Not Reserved
2024-12-21,11:00,Not Reserved
2024-12-21,12:00,Not Reserved
2024-12-21,13:00,Not Reserved
2024-12-21,14:00,Not Reserved
2024-12-21,15:00,Not Reserved
2024-12-21,16:00,Not Reserved
2024-12-21,17:00,Not Reserved
2024-12-21,18:00,Not Reserved
2024-12-21,19:00,Not Reserved
2024-12-21,20:00,Not Reserved
2024-12-22,11:00,Not Reserved
2024-12-22,12:00,Not Reserved
2024-12-22,13:00,Not Reserved
2024-12-22,14:00,Not Reserved
2024-12-22,15:00,Not Reserved
2024-12-22,16:00,Not Reserved
2024-12-22,17:00,Not Reserved
2024-12-22,18:00,Not Reserved
2024-12-22,19:00,Not Reserved
2024-12-22,20:00,Not Reserved
2024-12-23,11:00,Not Reserved
2024-12-23,12:00,Not Reserved
2024-12-23,13:00,Not Reserved
2024-12-23,14:00,Not Reserved
2024-12-23,15:00,Not Reserved
2024-12-23,16:00,Not Reserved
2024-12-23,17:00,Not Reserved
2024-12-23,18:00,Not Reserved
2024-12-23,19:00,Not Reserved
2024-12-23,20:00,Not Reserved
2024-12-24,11:00,Not Reserved
2024-12-24,12:00,Not Reserved
2024-12-24,13:00,Not Reserved
2024-12-24,14:00,Not Reserved
2024-12-24,15:00,Not Reserved
2024-12-24,16:00,Not Reserved
2024-12-24,17:00,Not Reserved
2024-12-24,18:00,Not Reserved
2024-12-24,19:00,Not Reserved
2024-12-24,20:00,Not Reserved
2024-12-25,11:00,Not Reserved
2024-12-25,12:00,Not Reserved
2024-12-25,13:00,Not Reserved
2024-12-25,14:00,Not Reserved
2024-12-25,15:00,Not Reserved
2024-12-25,16:00,Not Reserved
2024-12-25,17:00,Not Reserved
2024-12-25,18:00,Not Reserved
2024-12-25,19:00,Not Reserved
2024-12-25,20:00,Not Reserved
2024-12-26,11:00,Not Reserved
2024-12-26,12:00,Not Reserved
2024-12-26,13:00,Not Reserved
2024-12-26,14:00,Not Reserved
2024-12-26,15:00,Not Reserved
2024-12-26,16:00,Not Reserved
2024-12-26,17:00,Not Reserved
2024-12-26,18:00,Not Reserved
2024-12-26,19:00,Not Reserved
2024-12-26,20:00,Not Reserved
2024-12-27,11:00,Not Reserved
2024-12-27,12:00,Not Reserved
2024-12-27,13:00,Not Reserved
2024-12-27,14:00,Not Reserved
2024-12-27,15:00,Not Reserved
2024-12-27,16:00,Not Reserved
2024-12-27,17:00,Not Reserved
2024-12-27,18:00,Not Reserved
2024-12-27,19:00,Not Reserved
2024-12-27,20:00,Not Reserved
2024-12-28,11:00,Not Reserved
2024-12-28,12:00,Not Reserved
2024-12-28,13:00,Not Reserved
2024-12-28,14:00,Not Reserved
2024-12-28,15:00,Not Reserved
2024-12-28,16:00,Not Reserved
2024-12-28,17:00,Not Reserved
2024-12-28,18:00,Not Reserved
2024-12-28,19:00,Not Reserved
2024-12-28,20:00,Not Reserved
2024-12-29,11:00,Not Reserved
2024-12-29,12:00,Not Reserved
2024-12-29,13:00,Not Reserved
2024-12-29,14:00,Not Reserved
2024-12-29,15:00,Not Reserved
2024-12-29,16:00,Not Reserved
2024-12-29,17:00,Not Reserved
2024-12-29,18:00,Not Reserved
2024-12-29,19:00,Not Reserved
2024-12-29,20:00,Not Reserved
2024-12-30,11:00,Not Reserved
2024-12-30,12:00,Not Reserved
2024-12-30,13:00,Not Reserved
2024-12-30,14:00,Not Reserved
2024-12-30,15:00,Not Reserved
2024-12-30,16:00,Not Reserved
2024-12-30,17:00,Not Reserved
2024-12-30,18:00,Not Reserved
2024-12-30,19:00,Not Reserved
2024-12-30,20:00,Not Reserved
2024-12-31,11:00,Not Reserved
2024-12-31,12:00,Not Reserved
2024-12-31,13:00,Not Reserved
2024-12-31,14:00,Not Reserved
2024-12-31,15:00,Not Reserved
2024-12-31,16:00,Not Reserved
2024-12-31,17:00,Not Reserved
2024-12-31,18:00,Not Reserved
2024-12-31,19:00,Not Reserved
2024-12-31,20:00,Not Reserved
